{"name":"jd-cashier-v2","classpathEntries":[{"kind":"binary","path":"E:\\java8\\jre\\lib\\resources.jar","javadocContainerUrl":"https://docs.oracle.com/javase/1/docs/api/","isSystem":true,"isOwn":false,"isTest":false,"isJavaContent":false},{"kind":"binary","path":"E:\\java8\\jre\\lib\\rt.jar","javadocContainerUrl":"https://docs.oracle.com/javase/1/docs/api/","isSystem":true,"isOwn":false,"isTest":false,"isJavaContent":false},{"kind":"binary","path":"E:\\java8\\jre\\lib\\jsse.jar","javadocContainerUrl":"https://docs.oracle.com/javase/1/docs/api/","isSystem":true,"isOwn":false,"isTest":false,"isJavaContent":false},{"kind":"binary","path":"E:\\java8\\jre\\lib\\jce.jar","javadocContainerUrl":"https://docs.oracle.com/javase/1/docs/api/","isSystem":true,"isOwn":false,"isTest":false,"isJavaContent":false},{"kind":"binary","path":"E:\\java8\\jre\\lib\\charsets.jar","javadocContainerUrl":"https://docs.oracle.com/javase/1/docs/api/","isSystem":true,"isOwn":false,"isTest":false,"isJavaContent":false},{"kind":"binary","path":"E:\\java8\\jre\\lib\\jfr.jar","javadocContainerUrl":"https://docs.oracle.com/javase/1/docs/api/","isSystem":true,"isOwn":false,"isTest":false,"isJavaContent":false},{"kind":"binary","path":"C:\\Users\\Administrator\\.m2\\repository\\org\\springframework\\boot\\spring-boot-starter\\2.1.13.RELEASE\\spring-boot-starter-2.1.13.RELEASE.jar","sourceContainerUrl":"file:/C:/Users/Administrator/.m2/repository/org/springframework/boot/spring-boot-starter/2.1.13.RELEASE/spring-boot-starter-2.1.13.RELEASE-sources.jar","isSystem":false,"isOwn":false,"isTest":false,"isJavaContent":false},{"kind":"binary","path":"C:\\Users\\Administrator\\.m2\\repository\\org\\springframework\\boot\\spring-boot\\2.1.13.RELEASE\\spring-boot-2.1.13.RELEASE.jar","sourceContainerUrl":"file:/C:/Users/Administrator/.m2/repository/org/springframework/boot/spring-boot/2.1.13.RELEASE/spring-boot-2.1.13.RELEASE-sources.jar","javadocContainerUrl":"file:/C:/Users/Administrator/.m2/repository/org/springframework/boot/spring-boot/2.1.13.RELEASE/spring-boot-2.1.13.RELEASE-javadoc.jar","isSystem":false,"isOwn":false,"isTest":false,"isJavaContent":false},{"kind":"binary","path":"C:\\Users\\Administrator\\.m2\\repository\\org\\springframework\\spring-context\\5.1.14.RELEASE\\spring-context-5.1.14.RELEASE.jar","sourceContainerUrl":"file:/C:/Users/Administrator/.m2/repository/org/springframework/spring-context/5.1.14.RELEASE/spring-context-5.1.14.RELEASE-sources.jar","javadocContainerUrl":"file:/C:/Users/Administrator/.m2/repository/org/springframework/spring-context/5.1.14.RELEASE/spring-context-5.1.14.RELEASE-javadoc.jar","isSystem":false,"isOwn":false,"isTest":false,"isJavaContent":false},{"kind":"binary","path":"C:\\Users\\Administrator\\.m2\\repository\\org\\springframework\\boot\\spring-boot-autoconfigure\\2.1.13.RELEASE\\spring-boot-autoconfigure-2.1.13.RELEASE.jar","sourceContainerUrl":"file:/C:/Users/Administrator/.m2/repository/org/springframework/boot/spring-boot-autoconfigure/2.1.13.RELEASE/spring-boot-autoconfigure-2.1.13.RELEASE-sources.jar","javadocContainerUrl":"file:/C:/Users/Administrator/.m2/repository/org/springframework/boot/spring-boot-autoconfigure/2.1.13.RELEASE/spring-boot-autoconfigure-2.1.13.RELEASE-javadoc.jar","isSystem":false,"isOwn":false,"isTest":false,"isJavaContent":false},{"kind":"binary","path":"C:\\Users\\Administrator\\.m2\\repository\\org\\springframework\\boot\\spring-boot-starter-logging\\2.1.13.RELEASE\\spring-boot-starter-logging-2.1.13.RELEASE.jar","sourceContainerUrl":"file:/C:/Users/Administrator/.m2/repository/org/springframework/boot/spring-boot-starter-logging/2.1.13.RELEASE/spring-boot-starter-logging-2.1.13.RELEASE-sources.jar","isSystem":false,"isOwn":false,"isTest":false,"isJavaContent":false},{"kind":"binary","path":"C:\\Users\\Administrator\\.m2\\repository\\ch\\qos\\logback\\logback-classic\\1.2.3\\logback-classic-1.2.3.jar","sourceContainerUrl":"file:/C:/Users/Administrator/.m2/repository/ch/qos/logback/logback-classic/1.2.3/logback-classic-1.2.3-sources.jar","javadocContainerUrl":"file:/C:/Users/Administrator/.m2/repository/ch/qos/logback/logback-classic/1.2.3/logback-classic-1.2.3-javadoc.jar","isSystem":false,"isOwn":false,"isTest":false,"isJavaContent":false},{"kind":"binary","path":"C:\\Users\\Administrator\\.m2\\repository\\ch\\qos\\logback\\logback-core\\1.2.3\\logback-core-1.2.3.jar","sourceContainerUrl":"file:/C:/Users/Administrator/.m2/repository/ch/qos/logback/logback-core/1.2.3/logback-core-1.2.3-sources.jar","javadocContainerUrl":"file:/C:/Users/Administrator/.m2/repository/ch/qos/logback/logback-core/1.2.3/logback-core-1.2.3-javadoc.jar","isSystem":false,"isOwn":false,"isTest":false,"isJavaContent":false},{"kind":"binary","path":"C:\\Users\\Administrator\\.m2\\repository\\org\\apache\\logging\\log4j\\log4j-to-slf4j\\2.11.2\\log4j-to-slf4j-2.11.2.jar","sourceContainerUrl":"file:/C:/Users/Administrator/.m2/repository/org/apache/logging/log4j/log4j-to-slf4j/2.11.2/log4j-to-slf4j-2.11.2-sources.jar","javadocContainerUrl":"file:/C:/Users/Administrator/.m2/repository/org/apache/logging/log4j/log4j-to-slf4j/2.11.2/log4j-to-slf4j-2.11.2-javadoc.jar","isSystem":false,"isOwn":false,"isTest":false,"isJavaContent":false},{"kind":"binary","path":"C:\\Users\\Administrator\\.m2\\repository\\org\\apache\\logging\\log4j\\log4j-api\\2.11.2\\log4j-api-2.11.2.jar","sourceContainerUrl":"file:/C:/Users/Administrator/.m2/repository/org/apache/logging/log4j/log4j-api/2.11.2/log4j-api-2.11.2-sources.jar","javadocContainerUrl":"file:/C:/Users/Administrator/.m2/repository/org/apache/logging/log4j/log4j-api/2.11.2/log4j-api-2.11.2-javadoc.jar","isSystem":false,"isOwn":false,"isTest":false,"isJavaContent":false},{"kind":"binary","path":"C:\\Users\\Administrator\\.m2\\repository\\org\\slf4j\\jul-to-slf4j\\1.7.30\\jul-to-slf4j-1.7.30.jar","sourceContainerUrl":"file:/C:/Users/Administrator/.m2/repository/org/slf4j/jul-to-slf4j/1.7.30/jul-to-slf4j-1.7.30-sources.jar","javadocContainerUrl":"file:/C:/Users/Administrator/.m2/repository/org/slf4j/jul-to-slf4j/1.7.30/jul-to-slf4j-1.7.30-javadoc.jar","isSystem":false,"isOwn":false,"isTest":false,"isJavaContent":false},{"kind":"binary","path":"C:\\Users\\Administrator\\.m2\\repository\\javax\\annotation\\javax.annotation-api\\1.3.2\\javax.annotation-api-1.3.2.jar","sourceContainerUrl":"file:/C:/Users/Administrator/.m2/repository/javax/annotation/javax.annotation-api/1.3.2/javax.annotation-api-1.3.2-sources.jar","javadocContainerUrl":"file:/C:/Users/Administrator/.m2/repository/javax/annotation/javax.annotation-api/1.3.2/javax.annotation-api-1.3.2-javadoc.jar","isSystem":false,"isOwn":false,"isTest":false,"isJavaContent":false},{"kind":"binary","path":"C:\\Users\\Administrator\\.m2\\repository\\org\\springframework\\spring-core\\5.1.14.RELEASE\\spring-core-5.1.14.RELEASE.jar","sourceContainerUrl":"file:/C:/Users/Administrator/.m2/repository/org/springframework/spring-core/5.1.14.RELEASE/spring-core-5.1.14.RELEASE-sources.jar","javadocContainerUrl":"file:/C:/Users/Administrator/.m2/repository/org/springframework/spring-core/5.1.14.RELEASE/spring-core-5.1.14.RELEASE-javadoc.jar","isSystem":false,"isOwn":false,"isTest":false,"isJavaContent":false},{"kind":"binary","path":"C:\\Users\\Administrator\\.m2\\repository\\org\\springframework\\spring-jcl\\5.1.14.RELEASE\\spring-jcl-5.1.14.RELEASE.jar","sourceContainerUrl":"file:/C:/Users/Administrator/.m2/repository/org/springframework/spring-jcl/5.1.14.RELEASE/spring-jcl-5.1.14.RELEASE-sources.jar","javadocContainerUrl":"file:/C:/Users/Administrator/.m2/repository/org/springframework/spring-jcl/5.1.14.RELEASE/spring-jcl-5.1.14.RELEASE-javadoc.jar","isSystem":false,"isOwn":false,"isTest":false,"isJavaContent":false},{"kind":"binary","path":"C:\\Users\\Administrator\\.m2\\repository\\org\\yaml\\snakeyaml\\1.23\\snakeyaml-1.23.jar","sourceContainerUrl":"file:/C:/Users/Administrator/.m2/repository/org/yaml/snakeyaml/1.23/snakeyaml-1.23-sources.jar","javadocContainerUrl":"file:/C:/Users/Administrator/.m2/repository/org/yaml/snakeyaml/1.23/snakeyaml-1.23-javadoc.jar","isSystem":false,"isOwn":false,"isTest":false,"isJavaContent":false},{"kind":"binary","path":"C:\\Users\\Administrator\\.m2\\repository\\org\\springframework\\boot\\spring-boot-starter-web\\2.1.13.RELEASE\\spring-boot-starter-web-2.1.13.RELEASE.jar","sourceContainerUrl":"file:/C:/Users/Administrator/.m2/repository/org/springframework/boot/spring-boot-starter-web/2.1.13.RELEASE/spring-boot-starter-web-2.1.13.RELEASE-sources.jar","isSystem":false,"isOwn":false,"isTest":false,"isJavaContent":false},{"kind":"binary","path":"C:\\Users\\Administrator\\.m2\\repository\\org\\springframework\\boot\\spring-boot-starter-json\\2.1.13.RELEASE\\spring-boot-starter-json-2.1.13.RELEASE.jar","sourceContainerUrl":"file:/C:/Users/Administrator/.m2/repository/org/springframework/boot/spring-boot-starter-json/2.1.13.RELEASE/spring-boot-starter-json-2.1.13.RELEASE-sources.jar","isSystem":false,"isOwn":false,"isTest":false,"isJavaContent":false},{"kind":"binary","path":"C:\\Users\\Administrator\\.m2\\repository\\com\\fasterxml\\jackson\\core\\jackson-databind\\2.9.10.3\\jackson-databind-2.9.10.3.jar","sourceContainerUrl":"file:/C:/Users/Administrator/.m2/repository/com/fasterxml/jackson/core/jackson-databind/2.9.10.3/jackson-databind-2.9.10.3-sources.jar","javadocContainerUrl":"file:/C:/Users/Administrator/.m2/repository/com/fasterxml/jackson/core/jackson-databind/2.9.10.3/jackson-databind-2.9.10.3-javadoc.jar","isSystem":false,"isOwn":false,"isTest":false,"isJavaContent":false},{"kind":"binary","path":"C:\\Users\\Administrator\\.m2\\repository\\com\\fasterxml\\jackson\\core\\jackson-annotations\\2.9.10\\jackson-annotations-2.9.10.jar","sourceContainerUrl":"file:/C:/Users/Administrator/.m2/repository/com/fasterxml/jackson/core/jackson-annotations/2.9.10/jackson-annotations-2.9.10-sources.jar","javadocContainerUrl":"file:/C:/Users/Administrator/.m2/repository/com/fasterxml/jackson/core/jackson-annotations/2.9.10/jackson-annotations-2.9.10-javadoc.jar","isSystem":false,"isOwn":false,"isTest":false,"isJavaContent":false},{"kind":"binary","path":"C:\\Users\\Administrator\\.m2\\repository\\com\\fasterxml\\jackson\\core\\jackson-core\\2.9.10\\jackson-core-2.9.10.jar","sourceContainerUrl":"file:/C:/Users/Administrator/.m2/repository/com/fasterxml/jackson/core/jackson-core/2.9.10/jackson-core-2.9.10-sources.jar","javadocContainerUrl":"file:/C:/Users/Administrator/.m2/repository/com/fasterxml/jackson/core/jackson-core/2.9.10/jackson-core-2.9.10-javadoc.jar","isSystem":false,"isOwn":false,"isTest":false,"isJavaContent":false},{"kind":"binary","path":"C:\\Users\\Administrator\\.m2\\repository\\com\\fasterxml\\jackson\\datatype\\jackson-datatype-jdk8\\2.9.10\\jackson-datatype-jdk8-2.9.10.jar","sourceContainerUrl":"file:/C:/Users/Administrator/.m2/repository/com/fasterxml/jackson/datatype/jackson-datatype-jdk8/2.9.10/jackson-datatype-jdk8-2.9.10-sources.jar","javadocContainerUrl":"file:/C:/Users/Administrator/.m2/repository/com/fasterxml/jackson/datatype/jackson-datatype-jdk8/2.9.10/jackson-datatype-jdk8-2.9.10-javadoc.jar","isSystem":false,"isOwn":false,"isTest":false,"isJavaContent":false},{"kind":"binary","path":"C:\\Users\\Administrator\\.m2\\repository\\com\\fasterxml\\jackson\\datatype\\jackson-datatype-jsr310\\2.9.10\\jackson-datatype-jsr310-2.9.10.jar","sourceContainerUrl":"file:/C:/Users/Administrator/.m2/repository/com/fasterxml/jackson/datatype/jackson-datatype-jsr310/2.9.10/jackson-datatype-jsr310-2.9.10-sources.jar","javadocContainerUrl":"file:/C:/Users/Administrator/.m2/repository/com/fasterxml/jackson/datatype/jackson-datatype-jsr310/2.9.10/jackson-datatype-jsr310-2.9.10-javadoc.jar","isSystem":false,"isOwn":false,"isTest":false,"isJavaContent":false},{"kind":"binary","path":"C:\\Users\\Administrator\\.m2\\repository\\com\\fasterxml\\jackson\\module\\jackson-module-parameter-names\\2.9.10\\jackson-module-parameter-names-2.9.10.jar","sourceContainerUrl":"file:/C:/Users/Administrator/.m2/repository/com/fasterxml/jackson/module/jackson-module-parameter-names/2.9.10/jackson-module-parameter-names-2.9.10-sources.jar","javadocContainerUrl":"file:/C:/Users/Administrator/.m2/repository/com/fasterxml/jackson/module/jackson-module-parameter-names/2.9.10/jackson-module-parameter-names-2.9.10-javadoc.jar","isSystem":false,"isOwn":false,"isTest":false,"isJavaContent":false},{"kind":"binary","path":"C:\\Users\\Administrator\\.m2\\repository\\org\\springframework\\boot\\spring-boot-starter-tomcat\\2.1.13.RELEASE\\spring-boot-starter-tomcat-2.1.13.RELEASE.jar","sourceContainerUrl":"file:/C:/Users/Administrator/.m2/repository/org/springframework/boot/spring-boot-starter-tomcat/2.1.13.RELEASE/spring-boot-starter-tomcat-2.1.13.RELEASE-sources.jar","isSystem":false,"isOwn":false,"isTest":false,"isJavaContent":false},{"kind":"binary","path":"C:\\Users\\Administrator\\.m2\\repository\\org\\apache\\tomcat\\embed\\tomcat-embed-core\\9.0.31\\tomcat-embed-core-9.0.31.jar","sourceContainerUrl":"file:/C:/Users/Administrator/.m2/repository/org/apache/tomcat/embed/tomcat-embed-core/9.0.31/tomcat-embed-core-9.0.31-sources.jar","isSystem":false,"isOwn":false,"isTest":false,"isJavaContent":false},{"kind":"binary","path":"C:\\Users\\Administrator\\.m2\\repository\\org\\apache\\tomcat\\embed\\tomcat-embed-el\\9.0.31\\tomcat-embed-el-9.0.31.jar","sourceContainerUrl":"file:/C:/Users/Administrator/.m2/repository/org/apache/tomcat/embed/tomcat-embed-el/9.0.31/tomcat-embed-el-9.0.31-sources.jar","isSystem":false,"isOwn":false,"isTest":false,"isJavaContent":false},{"kind":"binary","path":"C:\\Users\\Administrator\\.m2\\repository\\org\\apache\\tomcat\\embed\\tomcat-embed-websocket\\9.0.31\\tomcat-embed-websocket-9.0.31.jar","sourceContainerUrl":"file:/C:/Users/Administrator/.m2/repository/org/apache/tomcat/embed/tomcat-embed-websocket/9.0.31/tomcat-embed-websocket-9.0.31-sources.jar","isSystem":false,"isOwn":false,"isTest":false,"isJavaContent":false},{"kind":"binary","path":"C:\\Users\\Administrator\\.m2\\repository\\org\\hibernate\\validator\\hibernate-validator\\6.0.18.Final\\hibernate-validator-6.0.18.Final.jar","sourceContainerUrl":"file:/C:/Users/Administrator/.m2/repository/org/hibernate/validator/hibernate-validator/6.0.18.Final/hibernate-validator-6.0.18.Final-sources.jar","isSystem":false,"isOwn":false,"isTest":false,"isJavaContent":false},{"kind":"binary","path":"C:\\Users\\Administrator\\.m2\\repository\\javax\\validation\\validation-api\\2.0.1.Final\\validation-api-2.0.1.Final.jar","sourceContainerUrl":"file:/C:/Users/Administrator/.m2/repository/javax/validation/validation-api/2.0.1.Final/validation-api-2.0.1.Final-sources.jar","javadocContainerUrl":"file:/C:/Users/Administrator/.m2/repository/javax/validation/validation-api/2.0.1.Final/validation-api-2.0.1.Final-javadoc.jar","isSystem":false,"isOwn":false,"isTest":false,"isJavaContent":false},{"kind":"binary","path":"C:\\Users\\Administrator\\.m2\\repository\\org\\jboss\\logging\\jboss-logging\\3.3.3.Final\\jboss-logging-3.3.3.Final.jar","sourceContainerUrl":"file:/C:/Users/Administrator/.m2/repository/org/jboss/logging/jboss-logging/3.3.3.Final/jboss-logging-3.3.3.Final-sources.jar","javadocContainerUrl":"file:/C:/Users/Administrator/.m2/repository/org/jboss/logging/jboss-logging/3.3.3.Final/jboss-logging-3.3.3.Final-javadoc.jar","isSystem":false,"isOwn":false,"isTest":false,"isJavaContent":false},{"kind":"binary","path":"C:\\Users\\Administrator\\.m2\\repository\\com\\fasterxml\\classmate\\1.4.0\\classmate-1.4.0.jar","sourceContainerUrl":"file:/C:/Users/Administrator/.m2/repository/com/fasterxml/classmate/1.4.0/classmate-1.4.0-sources.jar","javadocContainerUrl":"file:/C:/Users/Administrator/.m2/repository/com/fasterxml/classmate/1.4.0/classmate-1.4.0-javadoc.jar","isSystem":false,"isOwn":false,"isTest":false,"isJavaContent":false},{"kind":"binary","path":"C:\\Users\\Administrator\\.m2\\repository\\org\\springframework\\spring-web\\5.1.14.RELEASE\\spring-web-5.1.14.RELEASE.jar","sourceContainerUrl":"file:/C:/Users/Administrator/.m2/repository/org/springframework/spring-web/5.1.14.RELEASE/spring-web-5.1.14.RELEASE-sources.jar","javadocContainerUrl":"file:/C:/Users/Administrator/.m2/repository/org/springframework/spring-web/5.1.14.RELEASE/spring-web-5.1.14.RELEASE-javadoc.jar","isSystem":false,"isOwn":false,"isTest":false,"isJavaContent":false},{"kind":"binary","path":"C:\\Users\\Administrator\\.m2\\repository\\org\\springframework\\spring-beans\\5.1.14.RELEASE\\spring-beans-5.1.14.RELEASE.jar","sourceContainerUrl":"file:/C:/Users/Administrator/.m2/repository/org/springframework/spring-beans/5.1.14.RELEASE/spring-beans-5.1.14.RELEASE-sources.jar","javadocContainerUrl":"file:/C:/Users/Administrator/.m2/repository/org/springframework/spring-beans/5.1.14.RELEASE/spring-beans-5.1.14.RELEASE-javadoc.jar","isSystem":false,"isOwn":false,"isTest":false,"isJavaContent":false},{"kind":"binary","path":"C:\\Users\\Administrator\\.m2\\repository\\org\\springframework\\spring-webmvc\\5.1.14.RELEASE\\spring-webmvc-5.1.14.RELEASE.jar","sourceContainerUrl":"file:/C:/Users/Administrator/.m2/repository/org/springframework/spring-webmvc/5.1.14.RELEASE/spring-webmvc-5.1.14.RELEASE-sources.jar","javadocContainerUrl":"file:/C:/Users/Administrator/.m2/repository/org/springframework/spring-webmvc/5.1.14.RELEASE/spring-webmvc-5.1.14.RELEASE-javadoc.jar","isSystem":false,"isOwn":false,"isTest":false,"isJavaContent":false},{"kind":"binary","path":"C:\\Users\\Administrator\\.m2\\repository\\org\\springframework\\spring-aop\\5.1.14.RELEASE\\spring-aop-5.1.14.RELEASE.jar","sourceContainerUrl":"file:/C:/Users/Administrator/.m2/repository/org/springframework/spring-aop/5.1.14.RELEASE/spring-aop-5.1.14.RELEASE-sources.jar","javadocContainerUrl":"file:/C:/Users/Administrator/.m2/repository/org/springframework/spring-aop/5.1.14.RELEASE/spring-aop-5.1.14.RELEASE-javadoc.jar","isSystem":false,"isOwn":false,"isTest":false,"isJavaContent":false},{"kind":"binary","path":"C:\\Users\\Administrator\\.m2\\repository\\org\\springframework\\spring-expression\\5.1.14.RELEASE\\spring-expression-5.1.14.RELEASE.jar","sourceContainerUrl":"file:/C:/Users/Administrator/.m2/repository/org/springframework/spring-expression/5.1.14.RELEASE/spring-expression-5.1.14.RELEASE-sources.jar","javadocContainerUrl":"file:/C:/Users/Administrator/.m2/repository/org/springframework/spring-expression/5.1.14.RELEASE/spring-expression-5.1.14.RELEASE-javadoc.jar","isSystem":false,"isOwn":false,"isTest":false,"isJavaContent":false},{"kind":"binary","path":"C:\\Users\\Administrator\\.m2\\repository\\com\\alibaba\\fastjson\\1.2.62\\fastjson-1.2.62.jar","sourceContainerUrl":"file:/C:/Users/Administrator/.m2/repository/com/alibaba/fastjson/1.2.62/fastjson-1.2.62-sources.jar","javadocContainerUrl":"file:/C:/Users/Administrator/.m2/repository/com/alibaba/fastjson/1.2.62/fastjson-1.2.62-javadoc.jar","isSystem":false,"isOwn":false,"isTest":false,"isJavaContent":false},{"kind":"binary","path":"C:\\Users\\Administrator\\.m2\\repository\\org\\springframework\\boot\\spring-boot-starter-mail\\2.1.13.RELEASE\\spring-boot-starter-mail-2.1.13.RELEASE.jar","sourceContainerUrl":"file:/C:/Users/Administrator/.m2/repository/org/springframework/boot/spring-boot-starter-mail/2.1.13.RELEASE/spring-boot-starter-mail-2.1.13.RELEASE-sources.jar","isSystem":false,"isOwn":false,"isTest":false,"isJavaContent":false},{"kind":"binary","path":"C:\\Users\\Administrator\\.m2\\repository\\org\\springframework\\spring-context-support\\5.1.14.RELEASE\\spring-context-support-5.1.14.RELEASE.jar","sourceContainerUrl":"file:/C:/Users/Administrator/.m2/repository/org/springframework/spring-context-support/5.1.14.RELEASE/spring-context-support-5.1.14.RELEASE-sources.jar","javadocContainerUrl":"file:/C:/Users/Administrator/.m2/repository/org/springframework/spring-context-support/5.1.14.RELEASE/spring-context-support-5.1.14.RELEASE-javadoc.jar","isSystem":false,"isOwn":false,"isTest":false,"isJavaContent":false},{"kind":"binary","path":"C:\\Users\\Administrator\\.m2\\repository\\com\\sun\\mail\\javax.mail\\1.6.2\\javax.mail-1.6.2.jar","sourceContainerUrl":"file:/C:/Users/Administrator/.m2/repository/com/sun/mail/javax.mail/1.6.2/javax.mail-1.6.2-sources.jar","javadocContainerUrl":"file:/C:/Users/Administrator/.m2/repository/com/sun/mail/javax.mail/1.6.2/javax.mail-1.6.2-javadoc.jar","isSystem":false,"isOwn":false,"isTest":false,"isJavaContent":false},{"kind":"binary","path":"C:\\Users\\Administrator\\.m2\\repository\\javax\\activation\\activation\\1.1\\activation-1.1.jar","sourceContainerUrl":"file:/C:/Users/Administrator/.m2/repository/javax/activation/activation/1.1/activation-1.1-sources.jar","isSystem":false,"isOwn":false,"isTest":false,"isJavaContent":false},{"kind":"binary","path":"C:\\Users\\Administrator\\.m2\\repository\\org\\springframework\\boot\\spring-boot-starter-test\\2.1.13.RELEASE\\spring-boot-starter-test-2.1.13.RELEASE.jar","sourceContainerUrl":"file:/C:/Users/Administrator/.m2/repository/org/springframework/boot/spring-boot-starter-test/2.1.13.RELEASE/spring-boot-starter-test-2.1.13.RELEASE-sources.jar","isSystem":false,"isOwn":false,"isTest":false,"isJavaContent":false},{"kind":"binary","path":"C:\\Users\\Administrator\\.m2\\repository\\org\\springframework\\boot\\spring-boot-test\\2.1.13.RELEASE\\spring-boot-test-2.1.13.RELEASE.jar","sourceContainerUrl":"file:/C:/Users/Administrator/.m2/repository/org/springframework/boot/spring-boot-test/2.1.13.RELEASE/spring-boot-test-2.1.13.RELEASE-sources.jar","javadocContainerUrl":"file:/C:/Users/Administrator/.m2/repository/org/springframework/boot/spring-boot-test/2.1.13.RELEASE/spring-boot-test-2.1.13.RELEASE-javadoc.jar","isSystem":false,"isOwn":false,"isTest":false,"isJavaContent":false},{"kind":"binary","path":"C:\\Users\\Administrator\\.m2\\repository\\org\\springframework\\boot\\spring-boot-test-autoconfigure\\2.1.13.RELEASE\\spring-boot-test-autoconfigure-2.1.13.RELEASE.jar","sourceContainerUrl":"file:/C:/Users/Administrator/.m2/repository/org/springframework/boot/spring-boot-test-autoconfigure/2.1.13.RELEASE/spring-boot-test-autoconfigure-2.1.13.RELEASE-sources.jar","javadocContainerUrl":"file:/C:/Users/Administrator/.m2/repository/org/springframework/boot/spring-boot-test-autoconfigure/2.1.13.RELEASE/spring-boot-test-autoconfigure-2.1.13.RELEASE-javadoc.jar","isSystem":false,"isOwn":false,"isTest":false,"isJavaContent":false},{"kind":"binary","path":"C:\\Users\\Administrator\\.m2\\repository\\com\\jayway\\jsonpath\\json-path\\2.4.0\\json-path-2.4.0.jar","sourceContainerUrl":"file:/C:/Users/Administrator/.m2/repository/com/jayway/jsonpath/json-path/2.4.0/json-path-2.4.0-sources.jar","javadocContainerUrl":"file:/C:/Users/Administrator/.m2/repository/com/jayway/jsonpath/json-path/2.4.0/json-path-2.4.0-javadoc.jar","isSystem":false,"isOwn":false,"isTest":false,"isJavaContent":false},{"kind":"binary","path":"C:\\Users\\Administrator\\.m2\\repository\\net\\minidev\\json-smart\\2.3\\json-smart-2.3.jar","sourceContainerUrl":"file:/C:/Users/Administrator/.m2/repository/net/minidev/json-smart/2.3/json-smart-2.3-sources.jar","javadocContainerUrl":"file:/C:/Users/Administrator/.m2/repository/net/minidev/json-smart/2.3/json-smart-2.3-javadoc.jar","isSystem":false,"isOwn":false,"isTest":false,"isJavaContent":false},{"kind":"binary","path":"C:\\Users\\Administrator\\.m2\\repository\\net\\minidev\\accessors-smart\\1.2\\accessors-smart-1.2.jar","sourceContainerUrl":"file:/C:/Users/Administrator/.m2/repository/net/minidev/accessors-smart/1.2/accessors-smart-1.2-sources.jar","javadocContainerUrl":"file:/C:/Users/Administrator/.m2/repository/net/minidev/accessors-smart/1.2/accessors-smart-1.2-javadoc.jar","isSystem":false,"isOwn":false,"isTest":false,"isJavaContent":false},{"kind":"binary","path":"C:\\Users\\Administrator\\.m2\\repository\\org\\ow2\\asm\\asm\\5.0.4\\asm-5.0.4.jar","sourceContainerUrl":"file:/C:/Users/Administrator/.m2/repository/org/ow2/asm/asm/5.0.4/asm-5.0.4-sources.jar","javadocContainerUrl":"file:/C:/Users/Administrator/.m2/repository/org/ow2/asm/asm/5.0.4/asm-5.0.4-javadoc.jar","isSystem":false,"isOwn":false,"isTest":false,"isJavaContent":false},{"kind":"binary","path":"C:\\Users\\Administrator\\.m2\\repository\\junit\\junit\\4.12\\junit-4.12.jar","sourceContainerUrl":"file:/C:/Users/Administrator/.m2/repository/junit/junit/4.12/junit-4.12-sources.jar","javadocContainerUrl":"file:/C:/Users/Administrator/.m2/repository/junit/junit/4.12/junit-4.12-javadoc.jar","isSystem":false,"isOwn":false,"isTest":false,"isJavaContent":false},{"kind":"binary","path":"C:\\Users\\Administrator\\.m2\\repository\\org\\assertj\\assertj-core\\3.11.1\\assertj-core-3.11.1.jar","sourceContainerUrl":"file:/C:/Users/Administrator/.m2/repository/org/assertj/assertj-core/3.11.1/assertj-core-3.11.1-sources.jar","javadocContainerUrl":"file:/C:/Users/Administrator/.m2/repository/org/assertj/assertj-core/3.11.1/assertj-core-3.11.1-javadoc.jar","isSystem":false,"isOwn":false,"isTest":false,"isJavaContent":false},{"kind":"binary","path":"C:\\Users\\Administrator\\.m2\\repository\\org\\mockito\\mockito-core\\2.23.4\\mockito-core-2.23.4.jar","sourceContainerUrl":"file:/C:/Users/Administrator/.m2/repository/org/mockito/mockito-core/2.23.4/mockito-core-2.23.4-sources.jar","javadocContainerUrl":"file:/C:/Users/Administrator/.m2/repository/org/mockito/mockito-core/2.23.4/mockito-core-2.23.4-javadoc.jar","isSystem":false,"isOwn":false,"isTest":false,"isJavaContent":false},{"kind":"binary","path":"C:\\Users\\Administrator\\.m2\\repository\\net\\bytebuddy\\byte-buddy\\1.9.16\\byte-buddy-1.9.16.jar","sourceContainerUrl":"file:/C:/Users/Administrator/.m2/repository/net/bytebuddy/byte-buddy/1.9.16/byte-buddy-1.9.16-sources.jar","javadocContainerUrl":"file:/C:/Users/Administrator/.m2/repository/net/bytebuddy/byte-buddy/1.9.16/byte-buddy-1.9.16-javadoc.jar","isSystem":false,"isOwn":false,"isTest":false,"isJavaContent":false},{"kind":"binary","path":"C:\\Users\\Administrator\\.m2\\repository\\net\\bytebuddy\\byte-buddy-agent\\1.9.16\\byte-buddy-agent-1.9.16.jar","sourceContainerUrl":"file:/C:/Users/Administrator/.m2/repository/net/bytebuddy/byte-buddy-agent/1.9.16/byte-buddy-agent-1.9.16-sources.jar","javadocContainerUrl":"file:/C:/Users/Administrator/.m2/repository/net/bytebuddy/byte-buddy-agent/1.9.16/byte-buddy-agent-1.9.16-javadoc.jar","isSystem":false,"isOwn":false,"isTest":false,"isJavaContent":false},{"kind":"binary","path":"C:\\Users\\Administrator\\.m2\\repository\\org\\objenesis\\objenesis\\2.6\\objenesis-2.6.jar","sourceContainerUrl":"file:/C:/Users/Administrator/.m2/repository/org/objenesis/objenesis/2.6/objenesis-2.6-sources.jar","javadocContainerUrl":"file:/C:/Users/Administrator/.m2/repository/org/objenesis/objenesis/2.6/objenesis-2.6-javadoc.jar","isSystem":false,"isOwn":false,"isTest":false,"isJavaContent":false},{"kind":"binary","path":"C:\\Users\\Administrator\\.m2\\repository\\org\\hamcrest\\hamcrest-core\\1.3\\hamcrest-core-1.3.jar","sourceContainerUrl":"file:/C:/Users/Administrator/.m2/repository/org/hamcrest/hamcrest-core/1.3/hamcrest-core-1.3-sources.jar","javadocContainerUrl":"file:/C:/Users/Administrator/.m2/repository/org/hamcrest/hamcrest-core/1.3/hamcrest-core-1.3-javadoc.jar","isSystem":false,"isOwn":false,"isTest":false,"isJavaContent":false},{"kind":"binary","path":"C:\\Users\\Administrator\\.m2\\repository\\org\\hamcrest\\hamcrest-library\\1.3\\hamcrest-library-1.3.jar","sourceContainerUrl":"file:/C:/Users/Administrator/.m2/repository/org/hamcrest/hamcrest-library/1.3/hamcrest-library-1.3-sources.jar","javadocContainerUrl":"file:/C:/Users/Administrator/.m2/repository/org/hamcrest/hamcrest-library/1.3/hamcrest-library-1.3-javadoc.jar","isSystem":false,"isOwn":false,"isTest":false,"isJavaContent":false},{"kind":"binary","path":"C:\\Users\\Administrator\\.m2\\repository\\org\\skyscreamer\\jsonassert\\1.5.0\\jsonassert-1.5.0.jar","sourceContainerUrl":"file:/C:/Users/Administrator/.m2/repository/org/skyscreamer/jsonassert/1.5.0/jsonassert-1.5.0-sources.jar","javadocContainerUrl":"file:/C:/Users/Administrator/.m2/repository/org/skyscreamer/jsonassert/1.5.0/jsonassert-1.5.0-javadoc.jar","isSystem":false,"isOwn":false,"isTest":false,"isJavaContent":false},{"kind":"binary","path":"C:\\Users\\Administrator\\.m2\\repository\\com\\vaadin\\external\\google\\android-json\\0.0.20131108.vaadin1\\android-json-0.0.20131108.vaadin1.jar","sourceContainerUrl":"file:/C:/Users/Administrator/.m2/repository/com/vaadin/external/google/android-json/0.0.20131108.vaadin1/android-json-0.0.20131108.vaadin1-sources.jar","javadocContainerUrl":"file:/C:/Users/Administrator/.m2/repository/com/vaadin/external/google/android-json/0.0.20131108.vaadin1/android-json-0.0.20131108.vaadin1-javadoc.jar","isSystem":false,"isOwn":false,"isTest":false,"isJavaContent":false},{"kind":"binary","path":"C:\\Users\\Administrator\\.m2\\repository\\org\\springframework\\spring-test\\5.1.14.RELEASE\\spring-test-5.1.14.RELEASE.jar","sourceContainerUrl":"file:/C:/Users/Administrator/.m2/repository/org/springframework/spring-test/5.1.14.RELEASE/spring-test-5.1.14.RELEASE-sources.jar","javadocContainerUrl":"file:/C:/Users/Administrator/.m2/repository/org/springframework/spring-test/5.1.14.RELEASE/spring-test-5.1.14.RELEASE-javadoc.jar","isSystem":false,"isOwn":false,"isTest":false,"isJavaContent":false},{"kind":"binary","path":"C:\\Users\\Administrator\\.m2\\repository\\org\\xmlunit\\xmlunit-core\\2.6.3\\xmlunit-core-2.6.3.jar","sourceContainerUrl":"file:/C:/Users/Administrator/.m2/repository/org/xmlunit/xmlunit-core/2.6.3/xmlunit-core-2.6.3-sources.jar","javadocContainerUrl":"file:/C:/Users/Administrator/.m2/repository/org/xmlunit/xmlunit-core/2.6.3/xmlunit-core-2.6.3-javadoc.jar","isSystem":false,"isOwn":false,"isTest":false,"isJavaContent":false},{"kind":"binary","path":"C:\\Users\\Administrator\\.m2\\repository\\com\\google\\zxing\\core\\3.3.0\\core-3.3.0.jar","sourceContainerUrl":"file:/C:/Users/Administrator/.m2/repository/com/google/zxing/core/3.3.0/core-3.3.0-sources.jar","javadocContainerUrl":"file:/C:/Users/Administrator/.m2/repository/com/google/zxing/core/3.3.0/core-3.3.0-javadoc.jar","isSystem":false,"isOwn":false,"isTest":false,"isJavaContent":false},{"kind":"binary","path":"C:\\Users\\Administrator\\.m2\\repository\\com\\google\\zxing\\javase\\3.3.0\\javase-3.3.0.jar","sourceContainerUrl":"file:/C:/Users/Administrator/.m2/repository/com/google/zxing/javase/3.3.0/javase-3.3.0-sources.jar","javadocContainerUrl":"file:/C:/Users/Administrator/.m2/repository/com/google/zxing/javase/3.3.0/javase-3.3.0-javadoc.jar","isSystem":false,"isOwn":false,"isTest":false,"isJavaContent":false},{"kind":"binary","path":"C:\\Users\\Administrator\\.m2\\repository\\com\\beust\\jcommander\\1.48\\jcommander-1.48.jar","sourceContainerUrl":"file:/C:/Users/Administrator/.m2/repository/com/beust/jcommander/1.48/jcommander-1.48-sources.jar","javadocContainerUrl":"file:/C:/Users/Administrator/.m2/repository/com/beust/jcommander/1.48/jcommander-1.48-javadoc.jar","isSystem":false,"isOwn":false,"isTest":false,"isJavaContent":false},{"kind":"binary","path":"C:\\Users\\Administrator\\.m2\\repository\\com\\github\\jai-imageio\\jai-imageio-core\\1.3.1\\jai-imageio-core-1.3.1.jar","sourceContainerUrl":"file:/C:/Users/Administrator/.m2/repository/com/github/jai-imageio/jai-imageio-core/1.3.1/jai-imageio-core-1.3.1-sources.jar","javadocContainerUrl":"file:/C:/Users/Administrator/.m2/repository/com/github/jai-imageio/jai-imageio-core/1.3.1/jai-imageio-core-1.3.1-javadoc.jar","isSystem":false,"isOwn":false,"isTest":false,"isJavaContent":false},{"kind":"binary","path":"C:\\Users\\Administrator\\.m2\\repository\\cn\\inlee\\inlee-common-integration\\1.0.0\\inlee-common-integration-1.0.0.jar","isSystem":false,"isOwn":false,"isTest":false,"isJavaContent":false},{"kind":"binary","path":"C:\\Users\\Administrator\\.m2\\repository\\red\\htt\\wxpay-sdk\\3.0.9\\wxpay-sdk-3.0.9.jar","sourceContainerUrl":"file:/C:/Users/Administrator/.m2/repository/red/htt/wxpay-sdk/3.0.9/wxpay-sdk-3.0.9-sources.jar","javadocContainerUrl":"file:/C:/Users/Administrator/.m2/repository/red/htt/wxpay-sdk/3.0.9/wxpay-sdk-3.0.9-javadoc.jar","isSystem":false,"isOwn":false,"isTest":false,"isJavaContent":false},{"kind":"binary","path":"C:\\Users\\Administrator\\.m2\\repository\\org\\apache\\httpcomponents\\httpclient\\4.5.11\\httpclient-4.5.11.jar","sourceContainerUrl":"file:/C:/Users/Administrator/.m2/repository/org/apache/httpcomponents/httpclient/4.5.11/httpclient-4.5.11-sources.jar","javadocContainerUrl":"file:/C:/Users/Administrator/.m2/repository/org/apache/httpcomponents/httpclient/4.5.11/httpclient-4.5.11-javadoc.jar","isSystem":false,"isOwn":false,"isTest":false,"isJavaContent":false},{"kind":"binary","path":"C:\\Users\\Administrator\\.m2\\repository\\org\\apache\\httpcomponents\\httpcore\\4.4.13\\httpcore-4.4.13.jar","sourceContainerUrl":"file:/C:/Users/Administrator/.m2/repository/org/apache/httpcomponents/httpcore/4.4.13/httpcore-4.4.13-sources.jar","javadocContainerUrl":"file:/C:/Users/Administrator/.m2/repository/org/apache/httpcomponents/httpcore/4.4.13/httpcore-4.4.13-javadoc.jar","isSystem":false,"isOwn":false,"isTest":false,"isJavaContent":false},{"kind":"binary","path":"C:\\Users\\Administrator\\.m2\\repository\\commons-codec\\commons-codec\\1.11\\commons-codec-1.11.jar","sourceContainerUrl":"file:/C:/Users/Administrator/.m2/repository/commons-codec/commons-codec/1.11/commons-codec-1.11-sources.jar","javadocContainerUrl":"file:/C:/Users/Administrator/.m2/repository/commons-codec/commons-codec/1.11/commons-codec-1.11-javadoc.jar","isSystem":false,"isOwn":false,"isTest":false,"isJavaContent":false},{"kind":"binary","path":"C:\\Users\\Administrator\\.m2\\repository\\org\\slf4j\\slf4j-api\\1.7.30\\slf4j-api-1.7.30.jar","sourceContainerUrl":"file:/C:/Users/Administrator/.m2/repository/org/slf4j/slf4j-api/1.7.30/slf4j-api-1.7.30-sources.jar","javadocContainerUrl":"file:/C:/Users/Administrator/.m2/repository/org/slf4j/slf4j-api/1.7.30/slf4j-api-1.7.30-javadoc.jar","isSystem":false,"isOwn":false,"isTest":false,"isJavaContent":false},{"kind":"binary","path":"C:\\Users\\Administrator\\.m2\\repository\\org\\slf4j\\slf4j-simple\\1.7.30\\slf4j-simple-1.7.30.jar","sourceContainerUrl":"file:/C:/Users/Administrator/.m2/repository/org/slf4j/slf4j-simple/1.7.30/slf4j-simple-1.7.30-sources.jar","javadocContainerUrl":"file:/C:/Users/Administrator/.m2/repository/org/slf4j/slf4j-simple/1.7.30/slf4j-simple-1.7.30-javadoc.jar","isSystem":false,"isOwn":false,"isTest":false,"isJavaContent":false},{"kind":"binary","path":"C:\\Users\\Administrator\\.m2\\repository\\org\\projectlombok\\lombok\\1.18.12\\lombok-1.18.12.jar","sourceContainerUrl":"file:/C:/Users/Administrator/.m2/repository/org/projectlombok/lombok/1.18.12/lombok-1.18.12-sources.jar","javadocContainerUrl":"file:/C:/Users/Administrator/.m2/repository/org/projectlombok/lombok/1.18.12/lombok-1.18.12-javadoc.jar","isSystem":false,"isOwn":false,"isTest":false,"isJavaContent":false},{"kind":"binary","path":"C:\\Users\\Administrator\\.m2\\repository\\org\\apache\\poi\\poi\\3.9\\poi-3.9.jar","sourceContainerUrl":"file:/C:/Users/Administrator/.m2/repository/org/apache/poi/poi/3.9/poi-3.9-sources.jar","isSystem":false,"isOwn":false,"isTest":false,"isJavaContent":false},{"kind":"binary","path":"C:\\Users\\Administrator\\.m2\\repository\\com\\google\\guava\\guava\\19.0\\guava-19.0.jar","sourceContainerUrl":"file:/C:/Users/Administrator/.m2/repository/com/google/guava/guava/19.0/guava-19.0-sources.jar","javadocContainerUrl":"file:/C:/Users/Administrator/.m2/repository/com/google/guava/guava/19.0/guava-19.0-javadoc.jar","isSystem":false,"isOwn":false,"isTest":false,"isJavaContent":false},{"kind":"binary","path":"C:\\Users\\Administrator\\.m2\\repository\\ma\\glasnost\\orika\\orika-core\\1.5.2\\orika-core-1.5.2.jar","sourceContainerUrl":"file:/C:/Users/Administrator/.m2/repository/ma/glasnost/orika/orika-core/1.5.2/orika-core-1.5.2-sources.jar","javadocContainerUrl":"file:/C:/Users/Administrator/.m2/repository/ma/glasnost/orika/orika-core/1.5.2/orika-core-1.5.2-javadoc.jar","isSystem":false,"isOwn":false,"isTest":false,"isJavaContent":false},{"kind":"binary","path":"C:\\Users\\Administrator\\.m2\\repository\\org\\javassist\\javassist\\3.19.0-GA\\javassist-3.19.0-GA.jar","sourceContainerUrl":"file:/C:/Users/Administrator/.m2/repository/org/javassist/javassist/3.19.0-GA/javassist-3.19.0-GA-sources.jar","javadocContainerUrl":"file:/C:/Users/Administrator/.m2/repository/org/javassist/javassist/3.19.0-GA/javassist-3.19.0-GA-javadoc.jar","isSystem":false,"isOwn":false,"isTest":false,"isJavaContent":false},{"kind":"binary","path":"C:\\Users\\Administrator\\.m2\\repository\\com\\thoughtworks\\paranamer\\paranamer\\2.8\\paranamer-2.8.jar","sourceContainerUrl":"file:/C:/Users/Administrator/.m2/repository/com/thoughtworks/paranamer/paranamer/2.8/paranamer-2.8-sources.jar","javadocContainerUrl":"file:/C:/Users/Administrator/.m2/repository/com/thoughtworks/paranamer/paranamer/2.8/paranamer-2.8-javadoc.jar","isSystem":false,"isOwn":false,"isTest":false,"isJavaContent":false},{"kind":"binary","path":"C:\\Users\\Administrator\\.m2\\repository\\com\\googlecode\\concurrentlinkedhashmap\\concurrentlinkedhashmap-lru\\1.4.2\\concurrentlinkedhashmap-lru-1.4.2.jar","sourceContainerUrl":"file:/C:/Users/Administrator/.m2/repository/com/googlecode/concurrentlinkedhashmap/concurrentlinkedhashmap-lru/1.4.2/concurrentlinkedhashmap-lru-1.4.2-sources.jar","javadocContainerUrl":"file:/C:/Users/Administrator/.m2/repository/com/googlecode/concurrentlinkedhashmap/concurrentlinkedhashmap-lru/1.4.2/concurrentlinkedhashmap-lru-1.4.2-javadoc.jar","isSystem":false,"isOwn":false,"isTest":false,"isJavaContent":false},{"kind":"binary","path":"C:\\Users\\Administrator\\.m2\\repository\\com\\carrotsearch\\java-sizeof\\0.0.4\\java-sizeof-0.0.4.jar","sourceContainerUrl":"file:/C:/Users/Administrator/.m2/repository/com/carrotsearch/java-sizeof/0.0.4/java-sizeof-0.0.4-sources.jar","javadocContainerUrl":"file:/C:/Users/Administrator/.m2/repository/com/carrotsearch/java-sizeof/0.0.4/java-sizeof-0.0.4-javadoc.jar","isSystem":false,"isOwn":false,"isTest":false,"isJavaContent":false},{"kind":"binary","path":"C:\\Users\\Administrator\\.m2\\repository\\org\\codehaus\\janino\\janino\\3.0.15\\janino-3.0.15.jar","sourceContainerUrl":"file:/C:/Users/Administrator/.m2/repository/org/codehaus/janino/janino/3.0.15/janino-3.0.15-sources.jar","javadocContainerUrl":"file:/C:/Users/Administrator/.m2/repository/org/codehaus/janino/janino/3.0.15/janino-3.0.15-javadoc.jar","isSystem":false,"isOwn":false,"isTest":false,"isJavaContent":false},{"kind":"binary","path":"C:\\Users\\Administrator\\.m2\\repository\\org\\codehaus\\janino\\commons-compiler\\3.0.15\\commons-compiler-3.0.15.jar","sourceContainerUrl":"file:/C:/Users/Administrator/.m2/repository/org/codehaus/janino/commons-compiler/3.0.15/commons-compiler-3.0.15-sources.jar","javadocContainerUrl":"file:/C:/Users/Administrator/.m2/repository/org/codehaus/janino/commons-compiler/3.0.15/commons-compiler-3.0.15-javadoc.jar","isSystem":false,"isOwn":false,"isTest":false,"isJavaContent":false},{"kind":"binary","path":"C:\\Users\\Administrator\\.m2\\repository\\com\\baomidou\\mybatis-plus-boot-starter\\3.2.0\\mybatis-plus-boot-starter-3.2.0.jar","sourceContainerUrl":"file:/C:/Users/Administrator/.m2/repository/com/baomidou/mybatis-plus-boot-starter/3.2.0/mybatis-plus-boot-starter-3.2.0-sources.jar","javadocContainerUrl":"file:/C:/Users/Administrator/.m2/repository/com/baomidou/mybatis-plus-boot-starter/3.2.0/mybatis-plus-boot-starter-3.2.0-javadoc.jar","isSystem":false,"isOwn":false,"isTest":false,"isJavaContent":false},{"kind":"binary","path":"C:\\Users\\Administrator\\.m2\\repository\\com\\baomidou\\mybatis-plus\\3.2.0\\mybatis-plus-3.2.0.jar","sourceContainerUrl":"file:/C:/Users/Administrator/.m2/repository/com/baomidou/mybatis-plus/3.2.0/mybatis-plus-3.2.0-sources.jar","javadocContainerUrl":"file:/C:/Users/Administrator/.m2/repository/com/baomidou/mybatis-plus/3.2.0/mybatis-plus-3.2.0-javadoc.jar","isSystem":false,"isOwn":false,"isTest":false,"isJavaContent":false},{"kind":"binary","path":"C:\\Users\\Administrator\\.m2\\repository\\com\\baomidou\\mybatis-plus-extension\\3.2.0\\mybatis-plus-extension-3.2.0.jar","sourceContainerUrl":"file:/C:/Users/Administrator/.m2/repository/com/baomidou/mybatis-plus-extension/3.2.0/mybatis-plus-extension-3.2.0-sources.jar","javadocContainerUrl":"file:/C:/Users/Administrator/.m2/repository/com/baomidou/mybatis-plus-extension/3.2.0/mybatis-plus-extension-3.2.0-javadoc.jar","isSystem":false,"isOwn":false,"isTest":false,"isJavaContent":false},{"kind":"binary","path":"C:\\Users\\Administrator\\.m2\\repository\\com\\baomidou\\mybatis-plus-core\\3.2.0\\mybatis-plus-core-3.2.0.jar","sourceContainerUrl":"file:/C:/Users/Administrator/.m2/repository/com/baomidou/mybatis-plus-core/3.2.0/mybatis-plus-core-3.2.0-sources.jar","javadocContainerUrl":"file:/C:/Users/Administrator/.m2/repository/com/baomidou/mybatis-plus-core/3.2.0/mybatis-plus-core-3.2.0-javadoc.jar","isSystem":false,"isOwn":false,"isTest":false,"isJavaContent":false},{"kind":"binary","path":"C:\\Users\\Administrator\\.m2\\repository\\com\\baomidou\\mybatis-plus-annotation\\3.2.0\\mybatis-plus-annotation-3.2.0.jar","sourceContainerUrl":"file:/C:/Users/Administrator/.m2/repository/com/baomidou/mybatis-plus-annotation/3.2.0/mybatis-plus-annotation-3.2.0-sources.jar","javadocContainerUrl":"file:/C:/Users/Administrator/.m2/repository/com/baomidou/mybatis-plus-annotation/3.2.0/mybatis-plus-annotation-3.2.0-javadoc.jar","isSystem":false,"isOwn":false,"isTest":false,"isJavaContent":false},{"kind":"binary","path":"C:\\Users\\Administrator\\.m2\\repository\\com\\github\\jsqlparser\\jsqlparser\\2.1\\jsqlparser-2.1.jar","sourceContainerUrl":"file:/C:/Users/Administrator/.m2/repository/com/github/jsqlparser/jsqlparser/2.1/jsqlparser-2.1-sources.jar","javadocContainerUrl":"file:/C:/Users/Administrator/.m2/repository/com/github/jsqlparser/jsqlparser/2.1/jsqlparser-2.1-javadoc.jar","isSystem":false,"isOwn":false,"isTest":false,"isJavaContent":false},{"kind":"binary","path":"C:\\Users\\Administrator\\.m2\\repository\\org\\mybatis\\mybatis\\3.5.2\\mybatis-3.5.2.jar","sourceContainerUrl":"file:/C:/Users/Administrator/.m2/repository/org/mybatis/mybatis/3.5.2/mybatis-3.5.2-sources.jar","javadocContainerUrl":"file:/C:/Users/Administrator/.m2/repository/org/mybatis/mybatis/3.5.2/mybatis-3.5.2-javadoc.jar","isSystem":false,"isOwn":false,"isTest":false,"isJavaContent":false},{"kind":"binary","path":"C:\\Users\\Administrator\\.m2\\repository\\org\\mybatis\\mybatis-spring\\2.0.2\\mybatis-spring-2.0.2.jar","sourceContainerUrl":"file:/C:/Users/Administrator/.m2/repository/org/mybatis/mybatis-spring/2.0.2/mybatis-spring-2.0.2-sources.jar","javadocContainerUrl":"file:/C:/Users/Administrator/.m2/repository/org/mybatis/mybatis-spring/2.0.2/mybatis-spring-2.0.2-javadoc.jar","isSystem":false,"isOwn":false,"isTest":false,"isJavaContent":false},{"kind":"binary","path":"C:\\Users\\Administrator\\.m2\\repository\\org\\springframework\\boot\\spring-boot-starter-jdbc\\2.1.13.RELEASE\\spring-boot-starter-jdbc-2.1.13.RELEASE.jar","sourceContainerUrl":"file:/C:/Users/Administrator/.m2/repository/org/springframework/boot/spring-boot-starter-jdbc/2.1.13.RELEASE/spring-boot-starter-jdbc-2.1.13.RELEASE-sources.jar","isSystem":false,"isOwn":false,"isTest":false,"isJavaContent":false},{"kind":"binary","path":"C:\\Users\\Administrator\\.m2\\repository\\com\\zaxxer\\HikariCP\\3.2.0\\HikariCP-3.2.0.jar","sourceContainerUrl":"file:/C:/Users/Administrator/.m2/repository/com/zaxxer/HikariCP/3.2.0/HikariCP-3.2.0-sources.jar","javadocContainerUrl":"file:/C:/Users/Administrator/.m2/repository/com/zaxxer/HikariCP/3.2.0/HikariCP-3.2.0-javadoc.jar","isSystem":false,"isOwn":false,"isTest":false,"isJavaContent":false},{"kind":"binary","path":"C:\\Users\\Administrator\\.m2\\repository\\org\\springframework\\spring-jdbc\\5.1.14.RELEASE\\spring-jdbc-5.1.14.RELEASE.jar","sourceContainerUrl":"file:/C:/Users/Administrator/.m2/repository/org/springframework/spring-jdbc/5.1.14.RELEASE/spring-jdbc-5.1.14.RELEASE-sources.jar","javadocContainerUrl":"file:/C:/Users/Administrator/.m2/repository/org/springframework/spring-jdbc/5.1.14.RELEASE/spring-jdbc-5.1.14.RELEASE-javadoc.jar","isSystem":false,"isOwn":false,"isTest":false,"isJavaContent":false},{"kind":"binary","path":"C:\\Users\\Administrator\\.m2\\repository\\org\\springframework\\spring-tx\\5.1.14.RELEASE\\spring-tx-5.1.14.RELEASE.jar","sourceContainerUrl":"file:/C:/Users/Administrator/.m2/repository/org/springframework/spring-tx/5.1.14.RELEASE/spring-tx-5.1.14.RELEASE-sources.jar","javadocContainerUrl":"file:/C:/Users/Administrator/.m2/repository/org/springframework/spring-tx/5.1.14.RELEASE/spring-tx-5.1.14.RELEASE-javadoc.jar","isSystem":false,"isOwn":false,"isTest":false,"isJavaContent":false},{"kind":"binary","path":"C:\\Users\\Administrator\\.m2\\repository\\com\\alibaba\\druid-spring-boot-starter\\1.1.9\\druid-spring-boot-starter-1.1.9.jar","sourceContainerUrl":"file:/C:/Users/Administrator/.m2/repository/com/alibaba/druid-spring-boot-starter/1.1.9/druid-spring-boot-starter-1.1.9-sources.jar","javadocContainerUrl":"file:/C:/Users/Administrator/.m2/repository/com/alibaba/druid-spring-boot-starter/1.1.9/druid-spring-boot-starter-1.1.9-javadoc.jar","isSystem":false,"isOwn":false,"isTest":false,"isJavaContent":false},{"kind":"binary","path":"C:\\Users\\Administrator\\.m2\\repository\\com\\alibaba\\druid\\1.1.9\\druid-1.1.9.jar","sourceContainerUrl":"file:/C:/Users/Administrator/.m2/repository/com/alibaba/druid/1.1.9/druid-1.1.9-sources.jar","javadocContainerUrl":"file:/C:/Users/Administrator/.m2/repository/com/alibaba/druid/1.1.9/druid-1.1.9-javadoc.jar","isSystem":false,"isOwn":false,"isTest":false,"isJavaContent":false},{"kind":"binary","path":"C:\\Users\\Administrator\\.m2\\repository\\mysql\\mysql-connector-java\\5.1.46\\mysql-connector-java-5.1.46.jar","sourceContainerUrl":"file:/C:/Users/Administrator/.m2/repository/mysql/mysql-connector-java/5.1.46/mysql-connector-java-5.1.46-sources.jar","isSystem":false,"isOwn":false,"isTest":false,"isJavaContent":false},{"kind":"binary","path":"C:\\Users\\Administrator\\.m2\\repository\\com\\youzan\\cloud\\open-sdk-core\\1.0.7-RELEASE\\open-sdk-core-1.0.7-RELEASE.jar","isSystem":false,"isOwn":false,"isTest":false,"isJavaContent":false},{"kind":"binary","path":"C:\\Users\\Administrator\\.m2\\repository\\com\\youzan\\cloud\\open-sdk-gen\\1.0.7.202005061046-RELEASE\\open-sdk-gen-1.0.7.202005061046-RELEASE.jar","isSystem":false,"isOwn":false,"isTest":false,"isJavaContent":false},{"kind":"binary","path":"C:\\Users\\Administrator\\.m2\\repository\\org\\springframework\\boot\\spring-boot-starter-thymeleaf\\2.1.13.RELEASE\\spring-boot-starter-thymeleaf-2.1.13.RELEASE.jar","sourceContainerUrl":"file:/C:/Users/Administrator/.m2/repository/org/springframework/boot/spring-boot-starter-thymeleaf/2.1.13.RELEASE/spring-boot-starter-thymeleaf-2.1.13.RELEASE-sources.jar","isSystem":false,"isOwn":false,"isTest":false,"isJavaContent":false},{"kind":"binary","path":"C:\\Users\\Administrator\\.m2\\repository\\org\\thymeleaf\\thymeleaf-spring5\\3.0.11.RELEASE\\thymeleaf-spring5-3.0.11.RELEASE.jar","sourceContainerUrl":"file:/C:/Users/Administrator/.m2/repository/org/thymeleaf/thymeleaf-spring5/3.0.11.RELEASE/thymeleaf-spring5-3.0.11.RELEASE-sources.jar","javadocContainerUrl":"file:/C:/Users/Administrator/.m2/repository/org/thymeleaf/thymeleaf-spring5/3.0.11.RELEASE/thymeleaf-spring5-3.0.11.RELEASE-javadoc.jar","isSystem":false,"isOwn":false,"isTest":false,"isJavaContent":false},{"kind":"binary","path":"C:\\Users\\Administrator\\.m2\\repository\\org\\thymeleaf\\thymeleaf\\3.0.11.RELEASE\\thymeleaf-3.0.11.RELEASE.jar","sourceContainerUrl":"file:/C:/Users/Administrator/.m2/repository/org/thymeleaf/thymeleaf/3.0.11.RELEASE/thymeleaf-3.0.11.RELEASE-sources.jar","javadocContainerUrl":"file:/C:/Users/Administrator/.m2/repository/org/thymeleaf/thymeleaf/3.0.11.RELEASE/thymeleaf-3.0.11.RELEASE-javadoc.jar","isSystem":false,"isOwn":false,"isTest":false,"isJavaContent":false},{"kind":"binary","path":"C:\\Users\\Administrator\\.m2\\repository\\org\\attoparser\\attoparser\\2.0.5.RELEASE\\attoparser-2.0.5.RELEASE.jar","sourceContainerUrl":"file:/C:/Users/Administrator/.m2/repository/org/attoparser/attoparser/2.0.5.RELEASE/attoparser-2.0.5.RELEASE-sources.jar","javadocContainerUrl":"file:/C:/Users/Administrator/.m2/repository/org/attoparser/attoparser/2.0.5.RELEASE/attoparser-2.0.5.RELEASE-javadoc.jar","isSystem":false,"isOwn":false,"isTest":false,"isJavaContent":false},{"kind":"binary","path":"C:\\Users\\Administrator\\.m2\\repository\\org\\unbescape\\unbescape\\1.1.6.RELEASE\\unbescape-1.1.6.RELEASE.jar","sourceContainerUrl":"file:/C:/Users/Administrator/.m2/repository/org/unbescape/unbescape/1.1.6.RELEASE/unbescape-1.1.6.RELEASE-sources.jar","javadocContainerUrl":"file:/C:/Users/Administrator/.m2/repository/org/unbescape/unbescape/1.1.6.RELEASE/unbescape-1.1.6.RELEASE-javadoc.jar","isSystem":false,"isOwn":false,"isTest":false,"isJavaContent":false},{"kind":"binary","path":"C:\\Users\\Administrator\\.m2\\repository\\org\\thymeleaf\\extras\\thymeleaf-extras-java8time\\3.0.4.RELEASE\\thymeleaf-extras-java8time-3.0.4.RELEASE.jar","sourceContainerUrl":"file:/C:/Users/Administrator/.m2/repository/org/thymeleaf/extras/thymeleaf-extras-java8time/3.0.4.RELEASE/thymeleaf-extras-java8time-3.0.4.RELEASE-sources.jar","javadocContainerUrl":"file:/C:/Users/Administrator/.m2/repository/org/thymeleaf/extras/thymeleaf-extras-java8time/3.0.4.RELEASE/thymeleaf-extras-java8time-3.0.4.RELEASE-javadoc.jar","isSystem":false,"isOwn":false,"isTest":false,"isJavaContent":false},{"kind":"source","path":"E:\\inlee\\jd-cashier-v2\\src\\main\\java","outputFolder":"E:\\inlee\\jd-cashier-v2\\target\\classes","javadocContainerUrl":"file:/E:/inlee/jd-cashier-v2/target/site/apidocs","isSystem":false,"isOwn":true,"isTest":false,"isJavaContent":true},{"kind":"source","path":"E:\\inlee\\jd-cashier-v2\\src\\test\\java","outputFolder":"E:\\inlee\\jd-cashier-v2\\target\\test-classes","javadocContainerUrl":"file:/E:/inlee/jd-cashier-v2/target/site/apidocs","isSystem":false,"isOwn":true,"isTest":true,"isJavaContent":true},{"kind":"source","path":"E:\\inlee\\jd-cashier-v2\\src\\main\\resources","outputFolder":"E:\\inlee\\jd-cashier-v2\\target\\classes","isSystem":false,"isOwn":true,"isTest":false,"isJavaContent":false},{"kind":"source","path":"E:\\inlee\\jd-cashier-v2\\src\\test\\resources","outputFolder":"E:\\inlee\\jd-cashier-v2\\target\\test-classes","isSystem":false,"isOwn":true,"isTest":true,"isJavaContent":false},{"kind":"source","path":"E:\\inlee\\jd-cashier-v2\\src\\test\\java","outputFolder":"E:\\inlee\\jd-cashier-v2\\target\\test-classes","javadocContainerUrl":"file:/E:/inlee/jd-cashier-v2/target/site/apidocs","isSystem":false,"isOwn":true,"isTest":false,"isJavaContent":false}]}