<?xml version="1.0" encoding="UTF-8"?>
<!DOCTYPE mapper PUBLIC "-//mybatis.org//DTD Mapper 3.0//EN" "http://mybatis.org/dtd/mybatis-3-mapper.dtd">
<mapper namespace="cn.inlee.mapper.SysPermissionMapper">

    <!-- 通用查询映射结果 -->
    <resultMap id="BaseResultMap" type="cn.inlee.beans.SysPermission">
        <id column="ID" property="id" />
        <result column="permission_NAME" property="permissionName" />
        <result column="permission_url" property="permissionUrl" />
        <result column="parent_id" property="parentId" />
    </resultMap>

    <!-- 通用查询结果列 -->
    <sql id="Base_Column_List">
        ID, permission_NAME, permission_url, parent_id
    </sql>

</mapper>
