<?xml version="1.0" encoding="UTF-8"?>
<!DOCTYPE mapper PUBLIC "-//mybatis.org//DTD Mapper 3.0//EN" "http://mybatis.org/dtd/mybatis-3-mapper.dtd">
<mapper namespace="cn.inlee.mapper.SysUserMapper">

    <!-- 通用查询映射结果 -->
    <resultMap id="BaseResultMap" type="cn.inlee.beans.SysUser">
        <id column="id" property="id" />
        <result column="username" property="username" />
        <result column="password" property="password" />
        <result column="status" property="status" />
    </resultMap>
    
    
    <resultMap id="SysUser" type="cn.inlee.beans.SysUser" >
     		  
        <result column="uid" property="id" />
        <result column="username" property="username" />
        <result column="password" property="password" />
        <result column="status" property="status" />
        	  
         <collection property="roles" ofType="cn.inlee.beans.SysRole" javaType="ArrayList"   >
         
        		<result column="rid" property="id" />
        		<result column="ROLE_NAME" property="roleName" />
        		<result column="ROLE_DESC" property="roleDesc" />
         </collection>
         
    </resultMap>
    
    
    
    
    
    

    <!-- 通用查询结果列 -->
    <sql id="Base_Column_List">
        id, username, password, status
    </sql>
    
    <select id="selectByUserName" resultMap="SysUser">
    	SELECT su.id uid,username,password,status,sr.id rid,ROLE_NAME,ROLE_DESC FROM `sys_user` su join sys_user_role sur on  su.id  =sur.UID
		join sys_role sr on sur.RID = sr.id  ${ew.customSqlSegment}

    </select>

</mapper>
